round type + metrics,no_rounding,no_rounding,no_rounding,no_rounding,no_rounding,no_rounding,no_rounding,no_rounding,round 0.5,round 0.5,round 0.5,round 0.5,round 0.5,round 0.5,round 0.5,round 0.5,best_single_threshold_0.05_0.95,best_single_threshold_0.05_0.95,best_single_threshold_0.05_0.95,best_single_threshold_0.05_0.95,best_single_threshold_0.05_0.95,best_single_threshold_0.05_0.95,best_single_threshold_0.05_0.95,best_single_threshold_0.05_0.95,best_multiple_thresholds_0.05_0.95,best_multiple_thresholds_0.05_0.95,best_multiple_thresholds_0.05_0.95,best_multiple_thresholds_0.05_0.95,best_multiple_thresholds_0.05_0.95,best_multiple_thresholds_0.05_0.95,best_multiple_thresholds_0.05_0.95,best_multiple_thresholds_0.05_0.95,best_graph_thresholds_0.05_0.95,best_graph_thresholds_0.05_0.95,best_graph_thresholds_0.05_0.95,best_graph_thresholds_0.05_0.95,best_graph_thresholds_0.05_0.95,best_graph_thresholds_0.05_0.95,best_graph_thresholds_0.05_0.95,best_graph_thresholds_0.05_0.95,best_single_threshold_0.25_0.75,best_single_threshold_0.25_0.75,best_single_threshold_0.25_0.75,best_single_threshold_0.25_0.75,best_single_threshold_0.25_0.75,best_single_threshold_0.25_0.75,best_single_threshold_0.25_0.75,best_single_threshold_0.25_0.75,best_multiple_thresholds_0.25_0.75,best_multiple_thresholds_0.25_0.75,best_multiple_thresholds_0.25_0.75,best_multiple_thresholds_0.25_0.75,best_multiple_thresholds_0.25_0.75,best_multiple_thresholds_0.25_0.75,best_multiple_thresholds_0.25_0.75,best_multiple_thresholds_0.25_0.75,best_graph_thresholds_0.25_0.75,best_graph_thresholds_0.25_0.75,best_graph_thresholds_0.25_0.75,best_graph_thresholds_0.25_0.75,best_graph_thresholds_0.25_0.75,best_graph_thresholds_0.25_0.75,best_graph_thresholds_0.25_0.75,best_graph_thresholds_0.25_0.75
model,rmse,rmse_macroaveraged,mae,mae_macroaveraged,mse_macroaveraged,somers_d,accuracy,accuracy1,rmse,rmse_macroaveraged,mae,mae_macroaveraged,mse_macroaveraged,somers_d,accuracy,accuracy1,rmse,rmse_macroaveraged,mae,mae_macroaveraged,mse_macroaveraged,somers_d,accuracy,accuracy1,rmse,rmse_macroaveraged,mae,mae_macroaveraged,mse_macroaveraged,somers_d,accuracy,accuracy1,rmse,rmse_macroaveraged,mae,mae_macroaveraged,mse_macroaveraged,somers_d,accuracy,accuracy1,rmse,rmse_macroaveraged,mae,mae_macroaveraged,mse_macroaveraged,somers_d,accuracy,accuracy1,rmse,rmse_macroaveraged,mae,mae_macroaveraged,mse_macroaveraged,somers_d,accuracy,accuracy1,rmse,rmse_macroaveraged,mae,mae_macroaveraged,mse_macroaveraged,somers_d,accuracy,accuracy1
0,3.8287703977413807,5.45225590473012,3.0560344827586206,4.152353681615952,29.72709445066446,0.534322893867643,,,3.8287703977413807,5.45225590473012,3.0560344827586206,4.152353681615952,29.72709445066446,0.534322893867643,0.09482758620689655,0.27586206896551724,3.8287703977413807,5.45225590473012,3.0560344827586206,4.152353681615952,29.72709445066446,0.534322893867643,0.09482758620689655,0.27586206896551724,3.8287703977413807,5.45225590473012,3.0560344827586206,4.152353681615952,29.72709445066446,0.534322893867643,0.09482758620689655,0.27586206896551724,3.8287703977413807,5.45225590473012,3.0560344827586206,4.152353681615952,29.72709445066446,0.534322893867643,0.09482758620689655,0.27586206896551724,3.8287703977413807,5.45225590473012,3.0560344827586206,4.152353681615952,29.72709445066446,0.534322893867643,0.09482758620689655,0.27586206896551724,3.8287703977413807,5.45225590473012,3.0560344827586206,4.152353681615952,29.72709445066446,0.534322893867643,0.09482758620689655,0.27586206896551724,3.8287703977413807,5.45225590473012,3.0560344827586206,4.152353681615952,29.72709445066446,0.534322893867643,0.09482758620689655,0.27586206896551724
1,1.4406647334275509,1.5456415467562938,1.0045766590389016,1.1215618796166194,2.3890077910591883,0.8736194541341149,,,1.4406647334275509,1.5456415467562938,1.0045766590389016,1.1215618796166194,2.3890077910591883,0.8736194541341149,0.36613272311212813,0.7459954233409611,1.4406647334275509,1.5456415467562938,1.0045766590389016,1.1215618796166194,2.3890077910591883,0.8736194541341149,0.36613272311212813,0.7459954233409611,1.396301095957488,1.4647449506160635,0.9794050343249427,1.0780318589126858,2.1454777703552543,0.8736194541341149,0.36613272311212813,0.7551487414187643,1.396301095957488,1.4647449506160635,0.9794050343249427,1.0780318589126858,2.1454777703552543,0.8736194541341149,0.36613272311212813,0.7551487414187643,1.4406647334275509,1.5456415467562938,1.0045766590389016,1.1215618796166194,2.3890077910591883,0.8736194541341149,0.36613272311212813,0.7459954233409611,1.396301095957488,1.4647449506160635,0.9794050343249427,1.0780318589126858,2.1454777703552543,0.8736194541341149,0.36613272311212813,0.7551487414187643,1.396301095957488,1.4647449506160635,0.9794050343249427,1.0780318589126858,2.1454777703552543,0.8736194541341149,0.36613272311212813,0.7551487414187643
2,0.9300495420709783,1.0311146338903405,0.6138147566718996,0.7246261993865113,1.0631973882228112,0.9264512670667746,,,0.9300495420709783,1.0311146338903405,0.6138147566718996,0.7246261993865113,1.0631973882228112,0.9264512670667746,0.4976452119309262,0.8995290423861853,0.9300495420709783,1.0311146338903405,0.6138147566718996,0.7246261993865113,1.0631973882228112,0.9264512670667746,0.4976452119309262,0.8995290423861853,0.9232731345624162,1.0122005953503694,0.6106750392464678,0.7149643636377189,1.0245500452276421,0.9263829474148895,0.49607535321821034,0.9042386185243328,0.9232731345624162,1.0122005953503694,0.6106750392464678,0.7149643636377189,1.0245500452276421,0.9263829474148895,0.49607535321821034,0.9042386185243328,0.9300495420709783,1.0311146338903405,0.6138147566718996,0.7246261993865113,1.0631973882228112,0.9264512670667746,0.4976452119309262,0.8995290423861853,0.9232731345624162,1.0122005953503694,0.6106750392464678,0.7149643636377189,1.0245500452276421,0.9263829474148895,0.49607535321821034,0.9042386185243328,0.9232731345624162,1.0122005953503694,0.6106750392464678,0.7149643636377189,1.0245500452276421,0.9263829474148895,0.49607535321821034,0.9042386185243328
3,0.8557905928608656,0.9548573061632218,0.5316606929510155,0.6210043194311169,0.9117524751332848,0.9366116766685294,,,0.8557905928608656,0.9548573061632218,0.5316606929510155,0.6210043194311169,0.9117524751332848,0.9366116766685294,0.5483870967741935,0.9342891278375149,0.8557905928608656,0.9548573061632218,0.5316606929510155,0.6210043194311169,0.9117524751332848,0.9366116766685294,0.5483870967741935,0.9342891278375149,0.8445481920799545,0.9309748547060708,0.5292712066905615,0.6149270633538608,0.8667141800949897,0.9365964916543162,0.5436081242532855,0.94026284348865,0.8445481920799545,0.9309748547060708,0.5292712066905615,0.6149270633538608,0.8667141800949897,0.9365964916543162,0.5436081242532855,0.94026284348865,0.8557905928608656,0.9548573061632218,0.5316606929510155,0.6210043194311169,0.9117524751332848,0.9366116766685294,0.5483870967741935,0.9342891278375149,0.8445481920799545,0.9309748547060708,0.5292712066905615,0.6149270633538608,0.8667141800949897,0.9365964916543162,0.5436081242532855,0.94026284348865,0.8445481920799545,0.9309748547060708,0.5292712066905615,0.6149270633538608,0.8667141800949897,0.9365964916543162,0.5436081242532855,0.94026284348865
4,0.7389537411631038,0.8166604394187211,0.44454887218045114,0.502826690180925,0.6669342733115787,0.9450448782846522,,,0.7389537411631038,0.8166604394187211,0.44454887218045114,0.502826690180925,0.6669342733115787,0.9450448782846522,0.5977443609022557,0.9633458646616542,0.7389537411631038,0.8166604394187211,0.44454887218045114,0.502826690180925,0.6669342733115787,0.9450448782846522,0.5977443609022557,0.9633458646616542,0.7312827333461563,0.7931895071308948,0.44454887218045114,0.5023090918372396,0.6291495942225518,0.9450448782846522,0.5921052631578947,0.9689849624060151,0.7312827333461563,0.7931895071308948,0.44454887218045114,0.5023090918372396,0.6291495942225518,0.9450448782846522,0.5921052631578947,0.9689849624060151,0.7389537411631038,0.8166604394187211,0.44454887218045114,0.502826690180925,0.6669342733115787,0.9450448782846522,0.5977443609022557,0.9633458646616542,0.7312827333461563,0.7931895071308948,0.44454887218045114,0.5023090918372396,0.6291495942225518,0.9450448782846522,0.5921052631578947,0.9689849624060151,0.7312827333461563,0.7931895071308948,0.44454887218045114,0.5023090918372396,0.6291495942225518,0.9450448782846522,0.5921052631578947,0.9689849624060151
5,0.7494433650539641,0.8106845499823575,0.4469756480754124,0.48963843371057497,0.6572094395800976,0.9487652744463548,,,0.7494433650539641,0.8106845499823575,0.4469756480754124,0.48963843371057497,0.6572094395800976,0.9487652744463548,0.6001571091908877,0.959937156323645,0.7494433650539641,0.8106845499823575,0.4469756480754124,0.48963843371057497,0.6572094395800976,0.9487652744463548,0.6001571091908877,0.959937156323645,0.744184048390602,0.7920341755456461,0.45011783189316573,0.4887326366091257,0.6273181352322714,0.9487652744463548,0.591516103692066,0.9654359780047133,0.744184048390602,0.7920341755456461,0.45011783189316573,0.4887326366091257,0.6273181352322714,0.9487652744463548,0.591516103692066,0.9654359780047133,0.7494433650539641,0.8106845499823575,0.4469756480754124,0.48963843371057497,0.6572094395800976,0.9487652744463548,0.6001571091908877,0.959937156323645,0.744184048390602,0.7920341755456461,0.45011783189316573,0.4887326366091257,0.6273181352322714,0.9487652744463548,0.591516103692066,0.9654359780047133,0.744184048390602,0.7920341755456461,0.45011783189316573,0.4887326366091257,0.6273181352322714,0.9487652744463548,0.591516103692066,0.9654359780047133
6,0.7142278750440076,0.8806789324684304,0.4008097165991903,0.5364257314493261,0.7755953820937342,0.9583278736577691,,,0.7142278750440076,0.8806789324684304,0.4008097165991903,0.5364257314493261,0.7755953820937342,0.9583278736577691,0.6437246963562753,0.9615384615384616,0.7142278750440076,0.8806789324684304,0.4008097165991903,0.5364257314493261,0.7755953820937342,0.9583278736577691,0.6437246963562753,0.9615384615384616,0.6906938755263496,0.8206155274224434,0.39473684210526316,0.5069674659296795,0.6734098438468149,0.9583278736577691,0.6383265856950068,0.9709851551956815,0.6906938755263496,0.8206155274224434,0.39473684210526316,0.5069674659296795,0.6734098438468149,0.9583278736577691,0.6383265856950068,0.9709851551956815,0.7142278750440076,0.8806789324684304,0.4008097165991903,0.5364257314493261,0.7755953820937342,0.9583278736577691,0.6437246963562753,0.9615384615384616,0.6906938755263496,0.8206155274224434,0.39473684210526316,0.5069674659296795,0.6734098438468149,0.9583278736577691,0.6383265856950068,0.9709851551956815,0.6906938755263496,0.8206155274224434,0.39473684210526316,0.5069674659296795,0.6734098438468149,0.9583278736577691,0.6383265856950068,0.9709851551956815
7,0.7353448138645229,0.8700034887215805,0.42502951593860683,0.553325755839966,0.7569060703877212,0.9573402051332878,,,0.7353448138645229,0.8700034887215805,0.42502951593860683,0.553325755839966,0.7569060703877212,0.9573402051332878,0.6251475796930342,0.9551357733175915,0.7353448138645229,0.8700034887215805,0.42502951593860683,0.553325755839966,0.7569060703877212,0.9573402051332878,0.6251475796930342,0.9551357733175915,0.7166430992894232,0.8241499321272595,0.4203069657615112,0.5332825476304063,0.6792231106253664,0.9569637255648857,0.6204250295159386,0.9628099173553719,0.7166430992894232,0.8241499321272595,0.4203069657615112,0.5332825476304063,0.6792231106253664,0.9569637255648857,0.6204250295159386,0.9628099173553719,0.7353448138645229,0.8700034887215805,0.42502951593860683,0.553325755839966,0.7569060703877212,0.9573402051332878,0.6251475796930342,0.9551357733175915,0.7166430992894232,0.8241499321272595,0.4203069657615112,0.5332825476304063,0.6792231106253664,0.9569637255648857,0.6204250295159386,0.9628099173553719,0.7166430992894232,0.8241499321272595,0.4203069657615112,0.5332825476304063,0.6792231106253664,0.9569637255648857,0.6204250295159386,0.9628099173553719
8,0.7093153449649254,0.8290205434398831,0.3988529718456726,0.5005230012386408,0.687275061445359,0.9576404311792427,,,0.7093153449649254,0.8290205434398831,0.3988529718456726,0.5005230012386408,0.687275061445359,0.9576404311792427,0.6449426485922837,0.9614181438998958,0.7093153449649254,0.8290205434398831,0.3988529718456726,0.5005230012386408,0.687275061445359,0.9576404311792427,0.6449426485922837,0.9614181438998958,0.6959588400088358,0.7950435953351908,0.3988529718456726,0.49098610302108286,0.6320943184835066,0.9574900278563089,0.6371220020855057,0.9676746611053181,0.6959588400088358,0.7950435953351908,0.3988529718456726,0.49098610302108286,0.6320943184835066,0.9574900278563089,0.6371220020855057,0.9676746611053181,0.7093153449649254,0.8290205434398831,0.3988529718456726,0.5005230012386408,0.687275061445359,0.9576404311792427,0.6449426485922837,0.9614181438998958,0.6959588400088358,0.7950435953351908,0.3988529718456726,0.49098610302108286,0.6320943184835066,0.9574900278563089,0.6371220020855057,0.9676746611053181,0.6959588400088358,0.7950435953351908,0.3988529718456726,0.49098610302108286,0.6320943184835066,0.9574900278563089,0.6371220020855057,0.9676746611053181
9,0.693229389697109,0.8025831076790446,0.37997256515775035,0.4774904576565609,0.6441396447317529,0.9599059991381924,,,0.693229389697109,0.8025831076790446,0.37997256515775035,0.4774904576565609,0.6441396447317529,0.9599059991381924,0.6616369455875629,0.9643347050754458,0.693229389697109,0.8025831076790446,0.37997256515775035,0.4774904576565609,0.6441396447317529,0.9599059991381924,0.6616369455875629,0.9643347050754458,0.6778890821378936,0.769304356425241,0.3772290809327846,0.4658632355533268,0.5918291928148542,0.9599059991381924,0.6570644718792867,0.9698216735253772,0.6778890821378936,0.769304356425241,0.3772290809327846,0.4658632355533268,0.5918291928148542,0.9599059991381924,0.6570644718792867,0.9698216735253772,0.693229389697109,0.8025831076790446,0.37997256515775035,0.4774904576565609,0.6441396447317529,0.9599059991381924,0.6616369455875629,0.9643347050754458,0.6778890821378936,0.769304356425241,0.3772290809327846,0.4658632355533268,0.5918291928148542,0.9599059991381924,0.6570644718792867,0.9698216735253772,0.6778890821378936,0.769304356425241,0.3772290809327846,0.4658632355533268,0.5918291928148542,0.9599059991381924,0.6570644718792867,0.9698216735253772
10,0.6809610891799823,0.7959649666872556,0.37743674823724593,0.47376743372986174,0.6335602281934438,0.9585407095398595,,,0.6809610891799823,0.7959649666872556,0.37743674823724593,0.47376743372986174,0.6335602281934438,0.9585407095398595,0.6586478639568644,0.9684778100373289,0.6809610891799823,0.7959649666872556,0.37743674823724593,0.47376743372986174,0.6335602281934438,0.9585407095398595,0.6586478639568644,0.9684778100373289,0.6674266372054917,0.7621809544540231,0.3749481542928246,0.46157732342786983,0.5809198073324456,0.9585407095398595,0.6545002073828287,0.9738697635835752,0.6674266372054917,0.7621809544540231,0.3749481542928246,0.46157732342786983,0.5809198073324456,0.9585407095398595,0.6545002073828287,0.9738697635835752,0.6809610891799823,0.7959649666872556,0.37743674823724593,0.47376743372986174,0.6335602281934438,0.9585407095398595,0.6586478639568644,0.9684778100373289,0.6674266372054917,0.7621809544540231,0.3749481542928246,0.46157732342786983,0.5809198073324456,0.9585407095398595,0.6545002073828287,0.9738697635835752,0.6674266372054917,0.7621809544540231,0.3749481542928246,0.46157732342786983,0.5809198073324456,0.9585407095398595,0.6545002073828287,0.9738697635835752
11,0.7073770303006325,0.8016439592734759,0.3841743119266055,0.467678988059351,0.6426330374396542,0.9597930538945884,,,0.7073770303006325,0.8016439592734759,0.3841743119266055,0.467678988059351,0.6426330374396542,0.9597930538945884,0.658256880733945,0.9652140672782875,0.7073770303006325,0.8016439592734759,0.3841743119266055,0.467678988059351,0.6426330374396542,0.9597930538945884,0.658256880733945,0.9652140672782875,0.6940110778271403,0.7690263566808568,0.38149847094801226,0.4555260001732993,0.5914015372698325,0.9596936796427975,0.6536697247706422,0.9717125382262997,0.6940110778271403,0.7690263566808568,0.38149847094801226,0.4555260001732993,0.5914015372698325,0.9596936796427975,0.6536697247706422,0.9717125382262997,0.7073770303006325,0.8016439592734759,0.3841743119266055,0.467678988059351,0.6426330374396542,0.9597930538945884,0.658256880733945,0.9652140672782875,0.6940110778271403,0.7690263566808568,0.38149847094801226,0.4555260001732993,0.5914015372698325,0.9596936796427975,0.6536697247706422,0.9717125382262997,0.6940110778271403,0.7690263566808568,0.38149847094801226,0.4555260001732993,0.5914015372698325,0.9596936796427975,0.6536697247706422,0.9717125382262997
12,0.7445144952036906,0.8564904397011016,0.4076163610719323,0.513372031304742,0.7335758732993863,0.9588446183986008,,,0.7445144952036906,0.8564904397011016,0.4076163610719323,0.513372031304742,0.7335758732993863,0.9588446183986008,0.6442172073342737,0.9583921015514809,0.7445144952036906,0.8564904397011016,0.4076163610719323,0.513372031304742,0.7335758732993863,0.9588446183986008,0.6442172073342737,0.9583921015514809,0.7194654025346096,0.8034556572981224,0.3991537376586742,0.4872848359439516,0.6455409932443579,0.9588446183986008,0.6410437235543018,0.9675599435825106,0.7194654025346096,0.8034556572981224,0.3991537376586742,0.4872848359439516,0.6455409932443579,0.9588446183986008,0.6410437235543018,0.9675599435825106,0.7445144952036906,0.8564904397011016,0.4076163610719323,0.513372031304742,0.7335758732993863,0.9588446183986008,0.6442172073342737,0.9583921015514809,0.7194654025346096,0.8034556572981224,0.3991537376586742,0.4872848359439516,0.6455409932443579,0.9588446183986008,0.6410437235543018,0.9675599435825106,0.7194654025346096,0.8034556572981224,0.3991537376586742,0.4872848359439516,0.6455409932443579,0.9588446183986008,0.6410437235543018,0.9675599435825106
13,0.7528370739257877,0.8515814616407521,0.3992887164565147,0.4909726334074324,0.7251909858101998,0.9584447881197494,,,0.7528370739257877,0.8515814616407521,0.3992887164565147,0.4909726334074324,0.7251909858101998,0.9584447881197494,0.6498545101842871,0.962172647914646,0.7528370739257877,0.8515814616407521,0.3992887164565147,0.4909726334074324,0.7251909858101998,0.9584447881197494,0.6498545101842871,0.962172647914646,0.742458582145226,0.8289635943560602,0.39670223084384093,0.48461064001330284,0.6871806407677187,0.9579704276987546,0.6466214031684449,0.9673456191399935,0.742458582145226,0.8289635943560602,0.39670223084384093,0.48461064001330284,0.6871806407677187,0.9579704276987546,0.6466214031684449,0.9673456191399935,0.7528370739257877,0.8515814616407521,0.3992887164565147,0.4909726334074324,0.7251909858101998,0.9584447881197494,0.6498545101842871,0.962172647914646,0.742458582145226,0.8289635943560602,0.39670223084384093,0.48461064001330284,0.6871806407677187,0.9579704276987546,0.6466214031684449,0.9673456191399935,0.742458582145226,0.8289635943560602,0.39670223084384093,0.48461064001330284,0.6871806407677187,0.9579704276987546,0.6466214031684449,0.9673456191399935
14,0.7182861944417952,0.8029450677849761,0.3613950691521347,0.43429888304176406,0.6447207818802199,0.9603024042343489,,,0.7182861944417952,0.8029450677849761,0.3613950691521347,0.43429888304176406,0.6447207818802199,0.9603024042343489,0.6815995189416717,0.9687312086590499,0.7182861944417952,0.8029450677849761,0.3613950691521347,0.43429888304176406,0.6447207818802199,0.9603024042343489,0.6815995189416717,0.9687312086590499,0.716190227923882,0.7987626978923306,0.36319903788334335,0.4399458636603893,0.6380218475442346,0.9597746431386748,0.677690920024053,0.9705351773902585,0.716190227923882,0.7987626978923306,0.36319903788334335,0.4399458636603893,0.6380218475442346,0.9597746431386748,0.677690920024053,0.9705351773902585,0.7182861944417952,0.8029450677849761,0.3613950691521347,0.43429888304176406,0.6447207818802199,0.9603024042343489,0.6815995189416717,0.9687312086590499,0.716190227923882,0.7987626978923306,0.36319903788334335,0.4399458636603893,0.6380218475442346,0.9597746431386748,0.677690920024053,0.9705351773902585,0.716190227923882,0.7987626978923306,0.36319903788334335,0.4399458636603893,0.6380218475442346,0.9597746431386748,0.677690920024053,0.9705351773902585
15,0.7128824289222335,0.8058148349632215,0.3645361990950226,0.44545481786800567,0.6493375482468039,0.9595980587405409,,,0.7128824289222335,0.8058148349632215,0.3645361990950226,0.44545481786800567,0.6493375482468039,0.9595980587405409,0.6756221719457014,0.9703054298642534,0.7128824289222335,0.8058148349632215,0.3645361990950226,0.44545481786800567,0.6493375482468039,0.9595980587405409,0.6756221719457014,0.9703054298642534,0.7087047646509187,0.7920125593844786,0.36538461538461536,0.4442707290613452,0.6272838942227522,0.9592017518864834,0.6713800904977375,0.9736990950226244,0.7087047646509187,0.7920125593844786,0.36538461538461536,0.4442707290613452,0.6272838942227522,0.9592017518864834,0.6713800904977375,0.9736990950226244,0.7128824289222335,0.8058148349632215,0.3645361990950226,0.44545481786800567,0.6493375482468039,0.9595980587405409,0.6756221719457014,0.9703054298642534,0.7087047646509187,0.7920125593844786,0.36538461538461536,0.4442707290613452,0.6272838942227522,0.9592017518864834,0.6713800904977375,0.9736990950226244,0.7087047646509187,0.7920125593844786,0.36538461538461536,0.4442707290613452,0.6272838942227522,0.9592017518864834,0.6713800904977375,0.9736990950226244
16,0.727412405808423,0.7985160150293257,0.37573490112239444,0.44381013631460886,0.6376278262583143,0.958869761452419,,,0.727412405808423,0.7985160150293257,0.37573490112239444,0.44381013631460886,0.6376278262583143,0.958869761452419,0.6699625868519509,0.9652592196686264,0.727412405808423,0.7985160150293257,0.37573490112239444,0.44381013631460886,0.6376278262583143,0.958869761452419,0.6699625868519509,0.9652592196686264,0.727412405808423,0.7994785627392664,0.378941742383752,0.45519241687244316,0.6391659722796432,0.9583238825208054,0.6651523249599145,0.9668626402993051,0.727412405808423,0.7994785627392664,0.378941742383752,0.45519241687244316,0.6391659722796432,0.9583238825208054,0.6651523249599145,0.9668626402993051,0.727412405808423,0.7985160150293257,0.37573490112239444,0.44381013631460886,0.6376278262583143,0.958869761452419,0.6699625868519509,0.9652592196686264,0.727412405808423,0.7994785627392664,0.378941742383752,0.45519241687244316,0.6391659722796432,0.9583238825208054,0.6651523249599145,0.9668626402993051,0.727412405808423,0.7994785627392664,0.378941742383752,0.45519241687244316,0.6391659722796432,0.9583238825208054,0.6651523249599145,0.9668626402993051
17,0.7213460692963308,0.7975948125557785,0.3819811537577568,0.45384056678537354,0.6361574850158873,0.9598380600349142,,,0.7213460692963308,0.7975948125557785,0.3819811537577568,0.45384056678537354,0.6361574850158873,0.9598380600349142,0.6616869685129855,0.9650655021834061,0.7213460692963308,0.7975948125557785,0.3819811537577568,0.45384056678537354,0.6361574850158873,0.9598380600349142,0.6616869685129855,0.9650655021834061,0.7215053595862919,0.7989367468380795,0.3854286370949207,0.46629988267827455,0.6382999254482135,0.9592123370886415,0.6566306596184786,0.9666743277407492,0.7215053595862919,0.7989367468380795,0.3854286370949207,0.46629988267827455,0.6382999254482135,0.9592123370886415,0.6566306596184786,0.9666743277407492,0.7213460692963308,0.7975948125557785,0.3819811537577568,0.45384056678537354,0.6361574850158873,0.9598380600349142,0.6616869685129855,0.9650655021834061,0.7215053595862919,0.7989367468380795,0.3854286370949207,0.46629988267827455,0.6382999254482135,0.9592123370886415,0.6566306596184786,0.9666743277407492,0.7215053595862919,0.7989367468380795,0.3854286370949207,0.46629988267827455,0.6382999254482135,0.9592123370886415,0.6566306596184786,0.9666743277407492
18,0.6836451156407011,0.7708635689401128,0.34656810982048575,0.430457654413345,0.5942306419190879,0.9648014744391198,,,0.6836451156407011,0.7708635689401128,0.34656810982048575,0.430457654413345,0.5942306419190879,0.9648014744391198,0.6922914466737065,0.9689545934530095,0.6836451156407011,0.7708635689401128,0.34656810982048575,0.430457654413345,0.5942306419190879,0.9648014744391198,0.6922914466737065,0.9689545934530095,0.6814792284097585,0.7671997302374537,0.3478352692713833,0.43775212558222065,0.5885954260764218,0.9642906201090428,0.6891235480464625,0.9706441393875396,0.6814792284097585,0.7671997302374537,0.3478352692713833,0.43775212558222065,0.5885954260764218,0.9642906201090428,0.6891235480464625,0.9706441393875396,0.6836451156407011,0.7708635689401128,0.34656810982048575,0.430457654413345,0.5942306419190879,0.9648014744391198,0.6922914466737065,0.9689545934530095,0.6814792284097585,0.7671997302374537,0.3478352692713833,0.43775212558222065,0.5885954260764218,0.9642906201090428,0.6891235480464625,0.9706441393875396,0.6814792284097585,0.7671997302374537,0.3478352692713833,0.43775212558222065,0.5885954260764218,0.9642906201090428,0.6891235480464625,0.9706441393875396
19,0.6740633985690271,0.7572068867705072,0.33616676786075694,0.41407104467657624,0.5733622693726838,0.963107963862437,,,0.6740633985690271,0.7572068867705072,0.33616676786075694,0.41407104467657624,0.5733622693726838,0.963107963862437,0.7012750455373407,0.9706537138231127,0.6740633985690271,0.7572068867705072,0.33616676786075694,0.41407104467657624,0.5733622693726838,0.963107963862437,0.7012750455373407,0.9706537138231127,0.6743635826848062,0.760152586666644,0.339404978749241,0.42736240643834456,0.5778319550159896,0.9625507970534886,0.6966201173851447,0.9720704310868246,0.6743635826848062,0.760152586666644,0.339404978749241,0.42736240643834456,0.5778319550159896,0.9625507970534886,0.6966201173851447,0.9720704310868246,0.6740633985690271,0.7572068867705072,0.33616676786075694,0.41407104467657624,0.5733622693726838,0.963107963862437,0.7012750455373407,0.9706537138231127,0.6743635826848062,0.760152586666644,0.339404978749241,0.42736240643834456,0.5778319550159896,0.9625507970534886,0.6966201173851447,0.9720704310868246,0.6743635826848062,0.760152586666644,0.339404978749241,0.42736240643834456,0.5778319550159896,0.9625507970534886,0.6966201173851447,0.9720704310868246
20,0.728531935670943,0.7880068629701978,0.3852124975742286,0.43876733606917384,0.6209548160881321,0.9582923900512559,,,0.728531935670943,0.7880068629701978,0.3852124975742286,0.43876733606917384,0.6209548160881321,0.9582923900512559,0.6633029303318455,0.9611876576751407,0.728531935670943,0.7880068629701978,0.3852124975742286,0.43876733606917384,0.6209548160881321,0.9582923900512559,0.6633029303318455,0.9611876576751407,0.7333109864927196,0.8036269698913696,0.39297496603920046,0.46614930560881523,0.6458163067367843,0.9578805399886513,0.6551523384436251,0.9615757810983893,0.7333109864927196,0.8036269698913696,0.39297496603920046,0.46614930560881523,0.6458163067367843,0.9578805399886513,0.6551523384436251,0.9615757810983893,0.728531935670943,0.7880068629701978,0.3852124975742286,0.43876733606917384,0.6209548160881321,0.9582923900512559,0.6633029303318455,0.9611876576751407,0.7333109864927196,0.8036269698913696,0.39297496603920046,0.46614930560881523,0.6458163067367843,0.9578805399886513,0.6551523384436251,0.9615757810983893,0.7333109864927196,0.8036269698913696,0.39297496603920046,0.46614930560881523,0.6458163067367843,0.9578805399886513,0.6551523384436251,0.9615757810983893
