book,date
Pathfinder Society Scenario #1-03: Escaping the Grave,2019-08-01
Pathfinder #145: Hellknight Hill,2019-08-01
Pathfinder Adventure: The Fall of Plaguestone,2019-08-01
Pathfinder Society Quest #1: The Sandstone Secret,2019-08-01
Pathfinder Bestiary,2019-08-01
Pathfinder Society Scenario #1-01: The Absalom Initiation,2019-08-01
Pathfinder Society Scenario #1-02: The Mosquito Witch,2019-08-01
Pathfinder Society Scenario #1-00: Origin of the Open Road,2019-08-17
Pathfinder #146: Cult of Cinders,2019-09-01
Pathfinder #147: Tomorrow Must Burn,2019-09-18
Pathfinder Society Scenario #1-04: Bandits of Immenwood,2019-09-25
Pathfinder Society Scenario #1-05: Trailblazers' Bounty,2019-09-25
Pathfinder Society Quest #2: Unforgiving Fire,2019-09-25
Pathfinder #148: Fires of the Haunted City,2019-10-16
Pathfinder Lost Omens Character Guide,2019-10-16
The (Un)Usual Suspects!,2019-10-22
Pathfinder Society Scenario #1-06: Lost on the Spirit Road,2019-10-30
Pathfinder Society Scenario #1-07: Flooded King's Court,2019-10-30
Pathfinder Society Quest #3: Grehunde's Gorget,2019-10-30
Pathfinder #149: Against the Scarlet Triad,2019-11-13
Pathfinder Society Quest #4: Port Peril Pub Crawl,2019-11-27
Pathfinder Society Scenario #1-09: Star-Crossed Voyages,2019-11-27
Pathfinder Society Scenario #1-08: Revolution on the Riverside,2019-11-27
Pathfinder #150: Broken Promises,2019-12-12
Pathfinder Society Scenario #1-10: Tarnbreaker's Trail,2019-12-18
Pathfinder Society Scenario #1-11: Flames of Rebellion,2019-12-18
Pathfinder Society Quest #5: The Dragon who Stole Evoking Day,2019-12-18
Pathfinder Society Scenario #1-13: Devil at the Crossroads,2020-01-29
Pathfinder Society Quest #6: Archaeology In Aspenthar,2020-01-29
Pathfinder Society Scenario #1-12: The Burden of Envy,2020-01-29
Pathfinder #151: The Show Must Go On,2020-01-30
Monster Making,2020-02-20
Pathfinder Society Scenario #1-14: Lions of Katapesh,2020-02-26
Pathfinder Society Scenario #1-15: The Blooming Catastrophe,2020-02-26
Pathfinder #152: Legacy of the Lost God,2020-02-26
Pathfinder Society Quest #7: A Curious Claim,2020-02-26
Pathfinder Gamemastery Guide,2020-03-10
"Pathfinder Society Scenario #1-17: The Perennial Crown Part 2, The Thorned Monarch",2020-03-24
Pathfinder Society Quest #8: Shadows of the Black Sovereign,2020-03-25
"Pathfinder Society Scenario #1-16: The Perennial Crown Part 1, Opal of Bhopan",2020-03-25
Pathfinder #153: Life's Long Shadows,2020-03-26
Pathfinder Blog: April Fool's Bestiary,2020-04-01
Pathfinder Bounty #1: The Whitefang Wyrm,2020-04-26
Pathfinder Society Scenario #1-19: Iolite Squad Alpha,2020-04-27
Pathfinder Society Quest #9: Wayfinder Origins,2020-04-29
Pathfinder Society Scenario #1-18: Lodge of the Living God,2020-04-29
Pathfinder #154: Siege of the Dinosaurs,2020-04-29
Pathfinder #155: Lord of the Black Sands,2020-05-27
Pathfinder Society Quest #10: The Broken Scales,2020-05-28
Pathfinder Society Scenario #1-21: Mistress of the Maze,2020-05-28
Pathfinder Society Scenario #1-20: The Lost Legend,2020-05-28
Pathfinder Bestiary 2,2020-06-16
Pathfinder Society Scenario #1-22: Doom of Cassomir,2020-06-24
Pathfinder #156: The Apocalypse Prophet,2020-06-24
Pathfinder Society Quest #11: A Parchment Tree,2020-06-26
No-Prep Character: Pr’rall,2020-07-10
No-Prep Character: Duhgik,2020-07-17
Pathfinder Adventure: Little Trouble in Big Absalom,2020-07-25
Pathfinder Society Scenario #1-25: Grim Symphony,2020-07-29
Pathfinder #157: Devil at the Dreaming Palace,2020-07-30
"Pathfinder Society Scenario #1-24: Lightning Strikes, Stars Fall",2020-07-30
Pathfinder Society Quest #12: Putrid Seeds,2020-07-30
Pathfinder Adventure: The Slithering,2020-07-30
Pathfinder #158: Sixty Feet Under,2020-08-16
Pathfinder Society Scenario #2-01: Citadel of Corruption,2020-08-26
Pathfinder Society Scenario #2-02: Mountain of Sea and Sky,2020-08-26
Pathfinder #159: All or Nothing,2020-09-15
Pathfinder Society Scenario #2-04: Path of Kings,2020-09-30
Pathfinder Society Scenario #2-03: Catastrophe's Spark,2020-09-30
Pathfinder #160: Assault on Hunting Lodge Seven,2020-10-14
Pathfinder Society Scenario #2-06: The Crashing Wave,2020-10-28
Pathfinder Society Scenario #2-05: Balancing the Scales,2020-10-28
Pathfinder Bounty #3: Shadows and Scarecrows,2020-10-29
No-Prep Character: Morlibint,2020-11-11
Pathfinder Beginner Box,2020-11-11
Pathfinder #161: Belly of the Black Whale,2020-11-15
Pathfinder Society Scenario #2-07: The Blackros Deception,2020-11-18
Pathfinder Society Scenario #2-08: A Frosty Mug,2020-11-18
Pathfinder Encounter: We Be Zombies!,2020-11-25
Pathfinder Adventure: Troubles in Otari,2020-12-09
Pathfinder #162: Ruins of the Radiant Siege,2020-12-15
Pathfinder Bounty #5: Witch's Winter Holiday,2020-12-16
Pathfinder Society Scenario #2-09: The Seven Secrets of Dacilane Academy,2020-12-30
Pathfinder Society Scenario #2-10: In Burning Dawn,2020-12-30
A Caroling Horse (Of Course. Of Course.),2021-01-01
Pathfinder Encounter: Heaving Kobolds,2021-01-07
Pathfinder #163: Ruins of Gauntlight,2021-01-15
No-Prep Character: Eleukas,2021-01-20
Pathfinder #164: Hands of the Devil,2021-01-24
No-Prep Character: Lisavet,2021-01-27
Pathfinder Society Scenario #2-11: The Pathfinder Trials,2021-01-27
No-Prep Character: Urok,2021-02-12
No-Prep Character: Chea,2021-02-19
Pathfinder Society Scenario #2-14: Lost in Flames,2021-02-23
Pathfinder Society Scenario #2-13: A Gilded Test,2021-02-23
Pathfinder Society Scenario #2-12: Snakes in the Grass,2021-02-23
Pathfinder Encounter: Phinelli's Miracle Elixir,2021-02-26
Pathfinder One-Shot #1: Sundered Waves,2021-03-06
Paizo Blog: Pathfinder Bestiary 3 Bonus Monster,2021-03-19
Pathfinder Society Scenario #2-16: Freedom for Wishes,2021-03-25
Pathfinder Society Scenario #2-15: A Dirge for Sarkoris,2021-03-31
Pathfinder Bestiary 3,2021-04-07
Pathfinder Abomination Vaults Hardcover Compilation,2021-04-07
Pathfinder #165: Eyes of Empty Death,2021-04-07
No-Prep Character: Zhang Yong,2021-04-23
Pathfinder Bounty #9: Fishing in Anthusis,2021-04-28
Pathfinder Society Scenario #2-17: Lost Maid of Anactoria,2021-04-28
Pathfinder Society Scenario #2-18: The Fanciful March of Urwal,2021-04-28
Pathfinder Society Scenario #2-19: Enter the Pallid Peak,2021-05-01
Pathfinder Bounty #10: Hillcross Roundup,2021-05-28
Pathfinder Society Scenario #2-20: Breaking the Storm: Bastion in Embers,2021-05-28
Pathfinder One-Shot #2: Dinner at Lionlodge,2021-05-30
No-Prep Character: Wendlyn,2021-06-18
Pathfinder Society Scenario #2-21: In Pursuit of Water,2021-06-30
Pathfinder Society Scenario #2-22: Breaking the Storm: Excising Ruination,2021-06-30
Pathfinder #166: Despair on Danger Island,2021-07-07
Pathfinder Lost Omens The Mwangi Expanse,2021-07-07
Pathfinder Adventure: Malevolence,2021-07-07
Pathfinder #167: Ready? Fight!,2021-07-07
Pathfinder #168: King of the Mountain,2021-07-07
No-Prep Character: Gristleburst,2021-07-09
Pathfinder Society Scenario #2-24: Breaking The Storm: Parting Clouds,2021-07-28
Pathfinder Society Scenario #2-23: An Agent's Obligation,2021-07-28
Pathfinder #169: Kindled Magic,2021-08-05
Pathfinder Society Intro #2: United in Purpose,2021-08-25
Pathfinder Society Intro #1: The Second Confirmation,2021-08-25
Pathfinder #170: Spoken on the Song Wind,2021-09-01
Pathfinder Society Scenario #2-00: The King in Thorns,2021-09-19
Pathfinder Society Scenario #3-02: The East Hill Haunting,2021-09-29
Pathfinder Bounty #14: The Blackwood Truce,2021-09-29
Pathfinder Society Scenario #3-03: Echoes of Desperation,2021-09-29
Pathfinder #172: Secrets of the Temple-City,2021-10-13
Pathfinder #171: Hurricane's Howl,2021-10-13
Pathfinder Lost Omens The Grand Bazaar,2021-10-13
Pathfinder Adventure: Night of the Gray Death,2021-10-13
Pathfinder Bounty #15: Treasure off the Coast,2021-10-24
Pathfinder Society Scenario #3-04: The Devil-Wrought Disappearance,2021-10-29
Pathfinder #173: Doorway to the Red Star,2021-11-10
Pathfinder Bounty #16: Boom Town Betrayal,2021-11-17
Pathfinder Society Scenario #3-06: Struck by Shadows,2021-11-19
Pathfinder Society Scenario #3-05: Inheritor's Rite,2021-11-19
Pathfinder Society Scenario #3-07: The Locked Lodge,2021-12-15
Pathfinder Bounty #17: Sodden Stories,2021-12-15
"Pathfinder Lost Omens Absalom, City of Lost Omens",2021-12-22
Pathfinder Lost Omens Monsters of Myth,2021-12-22
Pathfinder Society Scenario #3-09: The Secluded Siege,2022-01-26
Pathfinder #175: Broken Tusk Moon,2022-01-26
Pathfinder Society Scenario #3-08: Foundation's Price,2022-01-26
Pathfinder Society Scenario #3-11: No Time for Treason,2022-02-23
Pathfinder #176: Lost Mammoth Valley,2022-02-23
Pathfinder Society Scenario #3-10: Delve the Pallid Depths,2022-02-23
Pathfinder Bounty #18: From Family Lost,2022-02-23
Pathfinder One-Shot #4: Mark of the Mantis,2022-02-23
Pathfinder Society Scenario #3-12: Fury's Toll,2022-03-30
Pathfinder #174: Shadows of the Ancients,2022-03-30
Pathfinder #177: Burning Tundra,2022-03-30
Pathfinder Society Scenario #3-14: The Tomb Between Worlds,2022-04-27
Pathfinder Society Scenario #3-13: Guardian's Covenant,2022-04-27
Pathfinder #178: Punks in a Powder Keg,2022-04-27
Pathfinder Book of the Dead,2022-04-27
Pathfinder #179: Cradle of Quartz,2022-05-25
Pathfinder Adventure: Shadows at Sundown,2022-05-25
Pathfinder Society Scenario #3-15: Cavern of Sundered Songs,2022-06-01
Pathfinder Adventure: A Fistful of Flowers,2022-06-25
Pathfinder Society Scenario #3-17: Dreams of a Dustbound Isle,2022-06-29
Pathfinder Society Scenario #3-16: Escape from Oppara,2022-06-29
Pathfinder #180: The Smoking Gun,2022-06-29
Pathfinder Society Intro: Year of Shattered Sanctuaries,2022-07-11
Pathfinder Society Scenario #3-18: Dacilane Academy's Delightful Disaster,2022-07-27
Pathfinder #181: Zombie Feast,2022-07-27
Pathfinder Society Scenario #3-19: Mean Streets of Shadow Absalom,2022-07-27
Pathfinder Society Special #3-99: Fate in the Future,2022-08-31
Pathfinder #182: Graveclaw,2022-08-31
Pathfinder Society Scenario #4-02: Return to the Grave,2022-08-31
Pathfinder Society Intro: Year of Boundless Wonder,2022-08-31
Pathfinder Society Scenario #4-03: Linnorm's Legacy,2022-08-31
Pathfinder Bounty #20: Burden in Bloodcove,2022-08-31
Pathfinder Lost Omens Travel Guide,2022-08-31
Pathfinder Kingmaker,2022-09-21
Pathfinder #183: Field of Maidens,2022-09-21
Pathfinder Society Scenario #4-04: To Seek the Heart of Calamity,2022-09-28
Pathfinder #184: The Ghouls Hunger,2022-10-26
Pathfinder Adventure: Crown of the Kobold King,2022-10-26
Pathfinder Society Scenario #4-05: The Arclord who Never Was,2022-10-26
Pathfinder #185: A Taste of Ashes,2022-11-16
Pathfinder Lost Omens Impossible Lands,2022-11-16
Pathfinder Society Scenario #4-06: Signal from the Electric Laboratory,2022-11-30
Pathfinder Society Scenario #4-07: A Most Wondrous Exchange!,2022-12-14
Pathfinder Bounty #21: Against the Unliving,2022-12-14
Pathfinder #186: Ghost King's Rage,2022-12-14
Pathfinder Society Scenario #4-08: Battle for Star's Fate,2023-01-25
Pathfinder Society Scenario #4-09: Killer in the Golden Mask,2023-02-22
Pathfinder Society Scenario #4-10: Arclord's Abode,2023-02-22
Pathfinder Society Scenario #4-11: Prisoners of the Electric Castle,2023-03-29
Pathfinder Society Quest #14: The Swordlord's Challenge,2023-04-21
Pathfinder Society Quest #18: Student Exchange,2023-04-24
Pathfinder #190: The Choosing,2023-04-26
Pathfinder Society Scenario #4-12: Negotiations for the Star Gun,2023-04-26
Pathfinder Society Special #3-98: Expedition Into Pallid Peril,2023-04-30
Pathfinder Adventure: The Enmity Cycle,2023-05-24
Pathfinder #191: The Destiny War,2023-05-24
Pathfinder Society Scenario #4-13: Within the Prairies,2023-05-31
Pathfinder Society Scenario #4-14: Shattering Golden Chains,2023-05-31
Pathfinder Adventure: A Few Flowers More,2023-06-24
Pathfinder Society Scenario #4-15: In Glorious Battle,2023-06-28
Pathfinder #192: Worst of All Possible Worlds,2023-06-28
Pathfinder Lost Omens Highhelm,2023-06-28
Pathfinder #193: Mantle of Gold,2023-08-02
Pathfinder Society Scenario #4-17: Trapping the Hag's Claw,2023-08-02
Pathfinder Society Scenario #4-16: Dacilane Academy's First Great Prank War,2023-08-02
Pathfinder Rage of Elements,2023-08-02
Pathfinder Society Scenario #5-01: Intro: Year of Unfettered Exploration,2023-08-30
Pathfinder #194: Cult of the Cave Worm,2023-08-30
Pathfinder #195: Heavy is the Crown,2023-09-23
Pathfinder Society Scenario #5-04: Necessary Introductions,2023-09-27
Pathfinder Society Scenario #5-03: Heidmarch Heist,2023-09-27
Pathfinder Society Quest #15: In the Footsteps of Horror,2023-09-27
Pathfinder Adventure: Rusthenge,2023-10-18
Pathfinder Society Scenario #5-05: The Island of the Vibrant Dead,2023-10-25
Pathfinder Player Core,2023-11-15
Pathfinder Society Scenario #5-07: Sewer Dragon Crisis,2023-11-29
"Pathfinder Society Scenario #5-06: Ukuja, the First Wall",2023-11-29
Pathfinder Society Quest #16: The Winter Queen's Dollhouse,2023-12-20
Pathfinder Society Scenario #5-08: Protecting the Firelight,2023-12-20
Pathfinder #199: To Bloom Below the Web,2024-01-26
Pathfinder Society Scenario #5-10: The Crocodile's Smile,2024-01-31
Pathfinder Society Scenario #5-09: Equal Exchange - Skymetal Hoard,2024-01-31
Pathfinder Wake the Dead #5,2024-01-31
Pathfinder Society Quest #17: Escorting a Mirage,2024-02-28
Pathfinder Society Scenario #5-11: The Hidden Current,2024-02-28
Pathfinder Society Scenario #5-12: Mischief in the Maze,2024-03-27
Pathfinder Society Scenario #5-13: Thick as Thieves,2024-03-27
Pathfinder #200: Seven Dooms for Sandpoint,2024-03-27
Paizo Blog: It's Foolish To Go Alone,2024-04-01
Pathfinder #201: Pactbreaker,2024-04-15
Pathfinder Lost Omens Tian Xia World Guide,2024-04-24
Pathfinder Society Scenario #5-14: Poisonous Council,2024-04-24
Pathfinder Society Scenario #5-15: Cleansing the Flame,2024-04-24
Pathfinder #202: Severed at the Root,2024-05-15
Pathfinder Society Scenario #5-16: A Lie Told to Strangers,2024-05-29
Pathfinder Society Scenario #5-17: Stranded on Yesterday's Tide,2024-05-29
Pathfinder Howl of the Wild,2024-05-29
Pathfinder #203: Shepherd of Decay,2024-06-15
Pathfinder Free RPG Day Adventure: The Great Toy Heist,2024-06-22
Pathfinder Society Scenario #5-19: Demonic Afterparty,2024-06-26
Pathfinder Society Scenario #5-18: Equal Exchanges-Tapestry of the Mind,2024-06-26
Pathfinder Society Quest #19: The Elsewhere Feast,2024-06-26
Pathfinder #204: Stage Fright,2024-07-15
Pathfinder Society Scenario #5-20: The Rakshasa's Court,2024-07-31
Pathfinder Adventure: Prey for Death,2024-07-31
Pathfinder Society Scenario #6-00: Salt of the Ocean,2024-08-01
"Pathfinder #205: Singer, Stalker, Skinsaw Man",2024-08-15
Pathfinder Society Scenario #6-01: Intro to the Year of Immortal Influence,2024-08-28
Pathfinder Society Quest #20: The Dacilane Academy's Show Must Go On,2024-08-28
Pathfinder Society Scenario #4-99: Blessings of the Forest,2024-08-28
Pathfinder Society Scenario #6-02: Rain Falls on the Mountain of Sea and Sky,2024-08-28
Pathfinder #206: Bring the House Down,2024-09-15
Pathfinder Society Scenario #6-04: An Enkindled Carnival,2024-09-25
Pathfinder Society Scenario #6-03: Godsrain in a Godless Land,2024-09-25
Pathfinder War of Immortals,2024-10-30
Pathfinder #207: The Resurrection Flood,2024-10-30
Pathfinder Society Quest #21: Infernal Infiltration,2024-10-30
"Pathfinder Society Scenario #6-05: Silver Bark, Golden Blades",2024-10-30
"Pathfinder #208: Hoof, Cinder, and Storm",2024-11-15
Pathfinder Society Scenario #6-06: Rotten Apples,2024-11-27
Pathfinder Society Scenario #6-07: A God Falls Where Magic Fails,2024-11-27
Pathfinder #209: Destroyer's Doom,2024-12-15
Pathfinder Monster Core,2024-12-16
Pathfinder Society Quest #22: Friends in Need,2024-12-18
Pathfinder Society Scenario #6-08: Upon Wheels and Rime,2024-12-18
Pathfinder Society Scenario #7-01: Intro to the Year of Battle's Spark: Enough is Enough,2025-01-08
Pathfinder #210: Whispers in the Dirt,2025-01-15
Pathfinder Society Scenario #6-10: Once in Whispers,2025-01-29
Pathfinder Society Scenario #6-09: The Power of Legends,2025-01-29
Pathfinder #211: The Secret of Deathstalk Tower,2025-02-15
Pathfinder NPC Core,2025-02-26
Pathfinder Society Quest #23: Lacking Respect,2025-02-26
Pathfinder Society Scenario #6-11: The Godsrain and the Dragon,2025-02-26
Pathfinder #212: A Voice in the Blight,2025-03-15
Pathfinder Society Scenario #6-13: All That Glitters,2025-03-26
Pathfinder Society Scenario #6-12: The Burning of Greensteeples,2025-03-26
Paizo Blog: Foolish Housekeeping and Other Articles,2025-04-01
Pathfinder Claws of the Tyrant,2025-04-02
Pathfinder #213: Thirst for Blood,2025-04-02
Pathfinder Society Scenario #6-15: Lost and Forgotten,2025-04-30
Pathfinder Society Quest #24: Tanuki Trouble,2025-04-30
Pathfinder Society Scenario #6-14: Twice in Steel,2025-04-30
Pathfinder #214: The Broken Palace,2025-05-07
Pathfinder #215: To Blot Out the Sun,2025-05-15
Pathfinder Society Scenario #6-17: The Devil in the Details,2025-05-28
Pathfinder Society Scenario #6-16: The Heart of the City,2025-05-28
Pathfinder Lost Omens Shining Kingdoms,2025-06-04
Pathfinder Adventure: The Scourge of Sheerleaf,2025-06-21
Pathfinder Society Scenario #6-18: Symposium on a Fallen God,2025-06-25
Pathfinder Society Scenario #6-19: What Walks Again,2025-06-25
Pathfinder Society Quest #25: The Greengold Dilemma,2025-06-25
Pathfinder Adventure Path: Gatewalkers,2025-07-02
Pathfinder #216: The Acropolis Pyre,2025-07-17
Pathfinder Society Scenario #6-20: The Overthrow of Ambition,2025-07-30
Pathfinder #217: Death Sails a Wine-Dark Sea,2025-07-31
Pathfinder Battlecry!,2025-07-31
Pathfinder Society Scenario #7-02: Shipyard Sabotage,2025-08-01
Pathfinder Society Scenario #7-04: Sulfuric Negotiations,2025-09-01
Pathfinder Society Scenario #7-03: A Foot in the Door,2025-09-01
Pathfinder #218: Titanbane,2025-09-03
Pathfinder Game Night: Dawn of the Frogs,2025-09-03
Pathfinder #219: Lord of the Trinity Star,2025-10-08
Pathfinder Society Scenario #7-05: Battle of the Thorns,2025-10-28
Pathfinder Lost Omens Draconic Codex,2025-11-05
Pathfinder Monster Core 2,2025-11-05
Pathfinder #220: Crypt of Runes,2025-11-05
Pathfinder Society Scenario #7-07: Draconic Folly,2025-11-19
Pathfinder #221: Into the Apocalypse Archive,2025-12-03
Pathfinder Season of Ghosts Hardcover Compilation,2025-12-03
Pathfinder Society Scenario #7-08: The Haunted Corridor,2025-12-17
Pathfinder Society Quest #27: Within the Glacier,2025-12-17
"Pathfinder Society Scenario #7-09: The Chitterwood Walks, Part 1: Scrambling the Tribes",2026-01-07
Pathfinder Society Scenario #7-10: Shattered Blades,2026-01-07
Pathfinder Dark Archive (Remastered),2026-02-04
Pathfinder Adventures: Dark Archive Web Supplement: In Darkness (Remastered),2026-02-04
Pathfinder Society Scenario #6-99: Under the Eye of the Mantis,2026-04-26